,year,driverId,position
0,1950,803,74
1,1950,666,67
2,1950,788,40
3,1950,756,72
4,1950,763,71
5,1950,740,66
6,1950,765,65
7,1950,791,64
8,1950,641,61
9,1950,764,58
10,1950,802,13
11,1950,801,26
12,1950,773,29
13,1950,780,38
14,1950,800,32
15,1950,697,19
16,1950,630,80
17,1950,537,79
18,1950,529,21
19,1950,611,78
20,1950,799,77
21,1950,615,76
22,1950,798,75
23,1950,729,73
24,1950,731,81
25,1950,509,55
26,1950,797,54
27,1950,796,53
28,1950,659,52
29,1950,677,51
30,1950,771,50
31,1950,732,49
32,1950,653,48
33,1950,520,47
34,1950,526,46
35,1950,658,45
36,1950,772,44
37,1950,518,43
38,1950,559,39
39,1950,555,37
40,1950,726,34
41,1950,654,31
42,1950,766,27
43,1950,794,22
44,1950,770,17
45,1950,768,12
46,1950,701,7
47,1950,593,6
48,1950,687,9
49,1950,501,33
50,1950,762,59
51,1950,427,63
52,1950,626,16
53,1950,498,57
54,1950,633,25
55,1950,793,15
56,1950,647,5
57,1950,790,69
58,1950,661,68
59,1950,789,62
60,1950,589,10
61,1950,640,23
62,1950,785,35
63,1950,747,56
64,1950,669,8
65,1950,776,60
66,1950,579,2
67,1950,660,28
68,1950,778,41
69,1950,619,24
70,1950,627,4
71,1950,686,11
72,1950,786,3
73,1950,642,1
74,1950,787,30
75,1950,741,18
76,1950,784,36
77,1950,704,14
78,1950,792,70
79,1950,774,20
80,1950,795,42
81,1951,669,62
82,1951,783,54
83,1951,580,39
84,1951,781,73
85,1951,622,66
86,1951,762,37
87,1951,780,68
88,1951,756,56
89,1951,680,38
90,1951,779,64
91,1951,747,60
92,1951,777,59
93,1951,776,52
94,1951,708,41
95,1951,619,40
96,1951,778,34
97,1951,661,28
98,1951,697,8
99,1951,670,70
100,1951,626,25
101,1951,609,22
102,1951,427,45
103,1951,775,51
104,1951,774,32
105,1951,686,10
106,1951,786,11
107,1951,773,29
108,1951,429,24
109,1951,728,84
110,1951,732,83
111,1951,772,82
112,1951,726,81
113,1951,657,80
114,1951,629,79
115,1951,449,78
116,1951,771,77
117,1951,733,76
118,1951,630,75
119,1951,526,74
120,1951,770,72
121,1951,593,71
122,1951,521,67
123,1951,769,63
124,1951,700,61
125,1951,615,58
126,1951,653,53
127,1951,654,50
128,1951,768,49
129,1951,729,48
130,1951,611,47
131,1951,534,46
132,1951,699,44
133,1951,529,43
134,1951,518,31
135,1951,767,27
136,1951,731,23
137,1951,734,18
138,1951,612,14
139,1951,658,15
140,1951,673,9
141,1951,766,7
142,1951,721,69
143,1951,498,3
144,1951,633,5
145,1951,704,17
146,1951,725,57
147,1951,765,55
148,1951,687,36
149,1951,764,35
150,1951,660,26
151,1951,501,42
152,1951,723,21
153,1951,741,30
154,1951,627,13
155,1951,475,33
156,1951,589,20
157,1951,647,2
158,1951,640,16
159,1951,763,12
160,1951,642,4
161,1951,641,6
162,1951,579,1
163,1951,782,65
164,1951,675,19
165,1952,760,105
166,1952,761,94
167,1952,625,90
168,1952,762,84
169,1952,498,9
170,1952,759,43
171,1952,758,74
172,1952,622,36
173,1952,633,8
174,1952,757,100
175,1952,692,97
176,1952,697,19
177,1952,756,92
178,1952,755,86
179,1952,710,83
180,1952,715,81
181,1952,754,79
182,1952,750,76
183,1952,712,75
184,1952,709,55
185,1952,753,52
186,1952,752,45
187,1952,751,33
188,1952,749,87
189,1952,748,51
190,1952,747,99
191,1952,708,30
192,1952,705,71
193,1952,746,67
194,1952,664,64
195,1952,745,57
196,1952,744,42
197,1952,456,41
198,1952,686,31
199,1952,743,21
200,1952,742,14
201,1952,722,82
202,1952,687,47
203,1952,740,54
204,1952,704,49
205,1952,741,39
206,1952,427,17
207,1952,739,77
208,1952,738,62
209,1952,737,60
210,1952,703,59
211,1952,736,23
212,1952,660,37
213,1952,735,29
214,1952,632,18
215,1952,578,5
216,1952,612,104
217,1952,734,103
218,1952,647,1
219,1952,733,102
220,1952,702,101
221,1952,520,98
222,1952,615,96
223,1952,628,95
224,1952,699,93
225,1952,529,91
226,1952,449,89
227,1952,677,88
228,1952,732,72
229,1952,675,70
230,1952,731,69
231,1952,521,68
232,1952,657,22
233,1952,513,65
234,1952,730,63
235,1952,729,61
236,1952,728,58
237,1952,727,56
238,1952,658,53
239,1952,593,50
240,1952,629,44
241,1952,726,40
242,1952,592,32
243,1952,525,27
244,1952,656,20
245,1952,518,15
246,1952,611,12
247,1952,509,10
248,1952,526,7
249,1952,720,85
250,1952,627,48
251,1952,724,38
252,1952,717,80
253,1952,725,78
254,1952,581,26
255,1952,642,2
256,1952,626,6
257,1952,651,34
258,1952,475,73
259,1952,501,66
260,1952,609,25
261,1952,669,46
262,1952,688,35
263,1952,721,28
264,1952,640,24
265,1952,689,16
266,1952,663,13
267,1952,554,11
268,1952,723,4
269,1952,641,3
270,1953,577,32
271,1953,797,86
272,1953,804,70
273,1953,630,66
274,1953,513,30
275,1953,667,104
276,1953,722,97
277,1953,620,36
278,1953,644,31
279,1953,721,80
280,1953,622,71
281,1953,719,43
282,1953,720,35
283,1953,691,16
284,1953,718,108
285,1953,717,60
286,1953,716,107
287,1953,715,105
288,1953,714,103
289,1953,713,101
290,1953,712,95
291,1953,711,93
292,1953,431,88
293,1953,455,67
294,1953,709,64
295,1953,710,62
296,1953,692,55
297,1953,690,51
298,1953,478,42
299,1953,680,29
300,1953,705,100
301,1953,708,98
302,1953,707,94
303,1953,486,79
304,1953,666,74
305,1953,706,73
306,1953,687,45
307,1953,625,83
308,1953,669,27
309,1953,589,46
310,1953,704,59
311,1953,619,49
312,1953,703,89
313,1953,681,85
314,1953,429,52
315,1953,632,47
316,1953,693,44
317,1953,670,11
318,1953,651,75
319,1953,456,81
320,1953,663,26
321,1953,643,22
322,1953,660,53
323,1953,501,24
324,1953,664,57
325,1953,475,20
326,1953,581,33
327,1953,627,25
328,1953,640,8
329,1953,612,65
330,1953,512,84
331,1953,702,54
332,1953,655,106
333,1953,521,39
334,1953,520,40
335,1953,528,102
336,1953,593,99
337,1953,555,18
338,1953,518,13
339,1953,659,96
340,1953,559,92
341,1953,673,91
342,1953,628,90
343,1953,677,87
344,1953,613,82
345,1953,654,69
346,1953,449,68
347,1953,701,63
348,1953,525,61
349,1953,675,58
350,1953,700,56
351,1953,699,50
352,1953,653,48
353,1953,529,41
354,1953,679,37
355,1953,509,28
356,1953,556,23
357,1953,658,17
358,1953,615,19
359,1953,611,14
360,1953,656,10
361,1953,657,7
362,1953,698,78
363,1953,649,77
364,1953,496,76
365,1953,642,3
366,1953,697,9
367,1953,579,2
368,1953,626,72
369,1953,689,38
370,1953,696,34
371,1953,427,12
372,1953,554,21
373,1953,695,15
374,1953,578,4
375,1953,498,6
376,1953,633,5
377,1953,647,1
378,1954,638,68
379,1954,541,80
380,1954,805,92
381,1954,559,89
382,1954,513,83
383,1954,730,64
384,1954,702,62
385,1954,799,59
386,1954,613,56
387,1954,654,50
388,1954,653,44
389,1954,580,31
390,1954,694,81
391,1954,693,29
392,1954,692,72
393,1954,691,69
394,1954,641,32
395,1954,690,96
396,1954,689,94
397,1954,688,91
398,1954,687,90
399,1954,581,34
400,1954,645,70
401,1954,686,86
402,1954,685,84
403,1954,684,76
404,1954,547,58
405,1954,683,55
406,1954,665,53
407,1954,682,48
408,1954,619,41
409,1954,647,25
410,1954,650,71
411,1954,578,3
412,1954,681,77
413,1954,651,75
414,1954,456,74
415,1954,478,7
416,1954,663,27
417,1954,633,20
418,1954,626,14
419,1954,648,5
420,1954,680,37
421,1954,554,28
422,1954,632,67
423,1954,644,16
424,1954,429,19
425,1954,475,15
426,1954,519,97
427,1954,593,47
428,1954,678,95
429,1954,677,93
430,1954,529,57
431,1954,509,79
432,1954,556,87
433,1954,659,38
434,1954,612,46
435,1954,512,88
436,1954,520,66
437,1954,449,85
438,1954,597,82
439,1954,611,45
440,1954,676,65
441,1954,596,63
442,1954,592,61
443,1954,679,60
444,1954,518,23
445,1954,628,54
446,1954,675,52
447,1954,521,51
448,1954,655,42
449,1954,674,40
450,1954,555,39
451,1954,615,30
452,1954,673,22
453,1954,658,12
454,1954,525,10
455,1954,657,6
456,1954,496,78
457,1954,627,33
458,1954,671,73
459,1954,643,11
460,1954,670,13
461,1954,620,18
462,1954,640,36
463,1954,501,26
464,1954,427,4
465,1954,498,2
466,1954,642,8
467,1954,579,1
468,1954,625,21
469,1954,528,35
470,1954,526,24
471,1954,577,9
472,1954,672,43
473,1954,669,17
474,1954,656,49
475,1955,586,74
476,1955,668,65
477,1955,667,40
478,1955,620,21
479,1955,486,76
480,1955,665,69
481,1955,666,66
482,1955,456,60
483,1955,581,55
484,1955,664,53
485,1955,356,50
486,1955,663,38
487,1955,662,33
488,1955,661,58
489,1955,547,51
490,1955,624,34
491,1955,660,42
492,1955,632,15
493,1955,592,84
494,1955,615,83
495,1955,659,82
496,1955,596,81
497,1955,533,80
498,1955,449,79
499,1955,558,78
500,1955,658,77
501,1955,657,25
502,1955,525,75
503,1955,561,73
504,1955,532,71
505,1955,593,70
506,1955,631,67
507,1955,611,64
508,1955,523,63
509,1955,656,62
510,1955,655,59
511,1955,528,57
512,1955,509,46
513,1955,513,45
514,1955,563,44
515,1955,518,43
516,1955,559,41
517,1955,556,39
518,1955,597,36
519,1955,538,32
520,1955,612,29
521,1955,654,23
522,1955,512,16
523,1955,653,12
524,1955,529,13
525,1955,628,7
526,1955,652,72
527,1955,651,35
528,1955,627,37
529,1955,578,27
530,1955,609,61
531,1955,626,52
532,1955,607,18
533,1955,641,6
534,1955,650,30
535,1955,589,28
536,1955,496,19
537,1955,649,68
538,1955,633,20
539,1955,648,11
540,1955,554,9
541,1955,625,54
542,1955,647,49
543,1955,623,56
544,1955,475,2
545,1955,608,3
546,1955,427,4
547,1955,646,48
548,1955,645,47
549,1955,644,31
550,1955,577,10
551,1955,501,26
552,1955,643,8
553,1955,478,22
554,1955,642,5
555,1955,498,17
556,1955,579,1
557,1955,555,14
558,1955,519,24
559,1956,347,65
560,1956,532,72
561,1956,806,31
562,1956,476,77
563,1956,610,71
564,1956,641,64
565,1956,583,25
566,1956,640,34
567,1956,639,53
568,1956,638,52
569,1956,541,13
570,1956,356,79
571,1956,585,75
572,1956,637,74
573,1956,620,57
574,1956,506,61
575,1956,456,41
576,1956,636,59
577,1956,619,42
578,1956,486,10
579,1956,635,66
580,1956,606,15
581,1956,609,38
582,1956,580,9
583,1956,634,58
584,1956,429,28
585,1956,633,20
586,1956,632,7
587,1956,555,27
588,1956,512,85
589,1956,526,84
590,1956,533,83
591,1956,561,82
592,1956,538,81
593,1956,612,80
594,1956,631,78
595,1956,562,76
596,1956,556,73
597,1956,596,70
598,1956,529,69
599,1956,594,68
600,1956,509,67
601,1956,525,51
602,1956,597,50
603,1956,630,49
604,1956,595,48
605,1956,513,47
606,1956,558,46
607,1956,516,45
608,1956,615,44
609,1956,520,43
610,1956,629,40
611,1956,592,39
612,1956,449,36
613,1956,514,35
614,1956,628,32
615,1956,537,24
616,1956,593,18
617,1956,528,14
618,1956,611,8
619,1956,559,5
620,1956,589,63
621,1956,479,62
622,1956,483,60
623,1956,501,17
624,1956,427,54
625,1956,627,19
626,1956,626,37
627,1956,547,22
628,1956,607,16
629,1956,625,30
630,1956,624,21
631,1956,579,1
632,1956,498,56
633,1956,608,6
634,1956,496,55
635,1956,586,29
636,1956,581,3
637,1956,475,2
638,1956,623,33
639,1956,482,23
640,1956,622,26
641,1956,578,12
642,1956,554,4
643,1956,577,11
644,1957,638,41
645,1957,498,22
646,1957,601,65
647,1957,621,64
648,1957,580,32
649,1957,620,58
650,1957,459,49
651,1957,430,46
652,1957,484,45
653,1957,431,42
654,1957,506,38
655,1957,486,55
656,1957,619,25
657,1957,618,54
658,1957,617,28
659,1957,616,76
660,1957,532,75
661,1957,526,74
662,1957,449,73
663,1957,596,72
664,1957,556,71
665,1957,558,70
666,1957,560,69
667,1957,513,68
668,1957,565,67
669,1957,527,66
670,1957,615,63
671,1957,538,62
672,1957,594,61
673,1957,614,60
674,1957,592,59
675,1957,528,51
676,1957,593,50
677,1957,529,48
678,1957,563,47
679,1957,516,44
680,1957,512,43
681,1957,562,40
682,1957,520,37
683,1957,514,34
684,1957,597,31
685,1957,613,29
686,1957,533,24
687,1957,612,19
688,1957,555,17
689,1957,525,16
690,1957,509,10
691,1957,611,8
692,1957,610,56
693,1957,609,39
694,1957,478,57
695,1957,456,18
696,1957,547,35
697,1957,549,30
698,1957,541,52
699,1957,483,20
700,1957,476,14
701,1957,356,23
702,1957,427,13
703,1957,590,12
704,1957,418,6
705,1957,479,5
706,1957,581,9
707,1957,577,3
708,1957,578,4
709,1957,608,53
710,1957,586,36
711,1957,573,33
712,1957,475,2
713,1957,347,27
714,1957,607,26
715,1957,606,21
716,1957,501,7
717,1957,496,15
718,1957,554,11
719,1957,579,1
720,1958,605,63
721,1958,604,60
722,1958,603,49
723,1958,602,48
724,1958,484,71
725,1958,601,69
726,1958,478,37
727,1958,600,56
728,1958,459,35
729,1958,431,27
730,1958,360,24
731,1958,486,33
732,1958,502,62
733,1958,549,43
734,1958,437,29
735,1958,566,23
736,1958,526,41
737,1958,403,10
738,1958,455,52
739,1958,482,26
740,1958,599,87
741,1958,536,86
742,1958,598,85
743,1958,510,84
744,1958,597,81
745,1958,596,80
746,1958,537,78
747,1958,514,77
748,1958,562,76
749,1958,563,74
750,1958,512,73
751,1958,527,70
752,1958,595,68
753,1958,449,66
754,1958,523,64
755,1958,555,61
756,1958,565,58
757,1958,531,55
758,1958,539,54
759,1958,516,53
760,1958,594,47
761,1958,593,46
762,1958,558,45
763,1958,560,42
764,1958,513,39
765,1958,564,34
766,1958,528,30
767,1958,592,28
768,1958,509,21
769,1958,529,17
770,1958,533,16
771,1958,591,15
772,1958,525,13
773,1958,418,22
774,1958,430,44
775,1958,589,83
776,1958,588,82
777,1958,587,79
778,1958,586,75
779,1958,543,50
780,1958,553,72
781,1958,551,40
782,1958,585,67
783,1958,584,65
784,1958,583,36
785,1958,582,59
786,1958,541,57
787,1958,590,9
788,1958,479,3
789,1958,483,51
790,1958,456,4
791,1958,289,25
792,1958,347,20
793,1958,476,11
794,1958,477,19
795,1958,356,18
796,1958,427,7
797,1958,581,5
798,1958,547,38
799,1958,580,32
800,1958,496,31
801,1958,501,6
802,1958,554,12
803,1958,579,14
804,1958,578,1
805,1958,577,8
806,1958,475,2
807,1959,576,57
808,1959,575,56
809,1959,574,51
810,1959,573,50
811,1959,572,26
812,1959,543,47
813,1959,432,36
814,1959,441,85
815,1959,401,83
816,1959,571,80
817,1959,387,78
818,1959,570,77
819,1959,465,75
820,1959,456,20
821,1959,475,3
822,1959,541,21
823,1959,501,13
824,1959,347,8
825,1959,554,18
826,1959,289,25
827,1959,418,9
828,1959,476,23
829,1959,477,17
830,1959,506,52
831,1959,549,43
832,1959,540,71
833,1959,484,68
834,1959,542,64
835,1959,478,49
836,1959,486,53
837,1959,569,41
838,1959,481,40
839,1959,505,35
840,1959,502,30
841,1959,568,65
842,1959,462,38
843,1959,437,22
844,1959,364,7
845,1959,567,34
846,1959,482,15
847,1959,566,28
848,1959,430,32
849,1959,404,14
850,1959,525,88
851,1959,536,87
852,1959,517,86
853,1959,565,84
854,1959,564,82
855,1959,563,81
856,1959,562,79
857,1959,522,76
858,1959,516,74
859,1959,511,72
860,1959,561,69
861,1959,528,66
862,1959,560,62
863,1959,537,61
864,1959,559,59
865,1959,558,55
866,1959,527,54
867,1959,535,48
868,1959,557,46
869,1959,556,45
870,1959,538,44
871,1959,514,42
872,1959,520,39
873,1959,531,37
874,1959,555,33
875,1959,513,31
876,1959,518,27
877,1959,533,24
878,1959,510,19
879,1959,529,16
880,1959,512,12
881,1959,509,11
882,1959,449,10
883,1959,553,73
884,1959,552,70
885,1959,353,67
886,1959,551,63
887,1959,376,60
888,1959,479,2
889,1959,427,5
890,1959,403,4
891,1959,550,58
892,1959,483,29
893,1959,360,6
894,1959,356,1
895,1960,548,54
896,1960,353,49
897,1960,440,30
898,1960,547,86
899,1960,546,84
900,1960,398,83
901,1960,491,80
902,1960,545,45
903,1960,455,39
904,1960,544,35
905,1960,431,29
906,1960,478,26
907,1960,543,21
908,1960,432,78
909,1960,465,91
910,1960,486,90
911,1960,542,50
912,1960,541,25
913,1960,540,87
914,1960,435,16
915,1960,376,24
916,1960,482,6
917,1960,373,10
918,1960,430,34
919,1960,481,19
920,1960,539,76
921,1960,538,75
922,1960,537,74
923,1960,536,73
924,1960,535,72
925,1960,534,71
926,1960,533,70
927,1960,532,69
928,1960,531,68
929,1960,530,67
930,1960,529,66
931,1960,528,65
932,1960,527,64
933,1960,526,63
934,1960,525,62
935,1960,524,61
936,1960,523,60
937,1960,522,59
938,1960,521,58
939,1960,520,57
940,1960,519,55
941,1960,518,51
942,1960,517,47
943,1960,516,44
944,1960,515,40
945,1960,514,36
946,1960,494,31
947,1960,513,27
948,1960,512,23
949,1960,511,20
950,1960,510,17
951,1960,449,14
952,1960,509,8
953,1960,437,43
954,1960,508,85
955,1960,507,42
956,1960,484,53
957,1960,506,33
958,1960,427,28
959,1960,341,12
960,1960,505,79
961,1960,456,32
962,1960,364,41
963,1960,386,9
964,1960,479,11
965,1960,483,81
966,1960,504,89
967,1960,503,88
968,1960,502,77
969,1960,289,15
970,1960,356,1
971,1960,501,82
972,1960,439,56
973,1960,500,52
974,1960,418,37
975,1960,499,48
976,1960,498,46
977,1960,497,38
978,1960,403,5
979,1960,347,18
980,1960,404,4
981,1960,476,7
982,1960,496,22
983,1960,475,3
984,1960,477,13
985,1960,360,2
986,1961,495,47
987,1961,433,43
988,1961,494,39
989,1961,440,38
990,1961,434,28
991,1961,493,24
992,1961,468,22
993,1961,492,62
994,1961,467,61
995,1961,491,60
996,1961,429,59
997,1961,444,56
998,1961,424,53
999,1961,486,50
1000,1961,425,46
1001,1961,454,42
1002,1961,447,40
1003,1961,436,58
1004,1961,490,57
1005,1961,489,32
1006,1961,488,55
1007,1961,431,51
1008,1961,487,54
1009,1961,460,36
1010,1961,441,27
1011,1961,465,35
1012,1961,408,29
1013,1961,484,49
1014,1961,485,52
1015,1961,428,45
1016,1961,483,48
1017,1961,456,17
1018,1961,394,9
1019,1961,455,37
1020,1961,459,34
1021,1961,435,41
1022,1961,385,20
1023,1961,453,13
1024,1961,437,31
1025,1961,430,19
1026,1961,401,33
1027,1961,482,14
1028,1961,376,44
1029,1961,418,25
1030,1961,481,26
1031,1961,404,6
1032,1961,289,16
1033,1961,356,11
1034,1961,480,30
1035,1961,479,10
1036,1961,347,15
1037,1961,341,12
1038,1961,373,7
1039,1961,478,23
1040,1961,477,21
1041,1961,427,18
1042,1961,360,8
1043,1961,364,4
1044,1961,476,2
1045,1961,403,1
1046,1961,386,5
1047,1961,475,3
1048,1962,368,52
1049,1962,474,44
1050,1962,473,42
1051,1962,472,39
1052,1962,411,37
1053,1962,413,28
1054,1962,471,25
1055,1962,340,22
1056,1962,410,19
1057,1962,440,47
1058,1962,470,40
1059,1962,434,33
1060,1962,469,29
1061,1962,468,26
1062,1962,442,61
1063,1962,439,59
1064,1962,444,58
1065,1962,467,57
1066,1962,445,60
1067,1962,428,56
1068,1962,466,34
1069,1962,465,45
1070,1962,464,49
1071,1962,463,35
1072,1962,438,31
1073,1962,437,30
1074,1962,446,50
1075,1962,462,46
1076,1962,397,41
1077,1962,461,55
1078,1962,460,53
1079,1962,436,32
1080,1962,376,24
1081,1962,459,43
1082,1962,424,54
1083,1962,425,23
1084,1962,346,27
1085,1962,435,14
1086,1962,385,12
1087,1962,427,20
1088,1962,458,51
1089,1962,457,48
1090,1962,356,9
1091,1962,341,4
1092,1962,456,36
1093,1962,360,3
1094,1962,364,5
1095,1962,455,38
1096,1962,418,18
1097,1962,404,16
1098,1962,386,8
1099,1962,454,13
1100,1962,373,2
1101,1962,453,21
1102,1962,347,15
1103,1962,430,17
1104,1962,408,7
1105,1962,394,11
1106,1962,403,6
1107,1962,401,10
1108,1962,289,1
1109,1963,346,15
1110,1963,278,18
1111,1963,428,25
1112,1963,403,26
1113,1963,394,35
1114,1963,436,32
1115,1963,289,2
1116,1963,452,55
1117,1963,382,29
1118,1963,429,53
1119,1963,430,14
1120,1963,373,1
1121,1963,410,51
1122,1963,310,48
1123,1963,368,46
1124,1963,413,45
1125,1963,362,42
1126,1963,409,31
1127,1963,340,24
1128,1963,451,50
1129,1963,450,54
1130,1963,433,49
1131,1963,434,19
1132,1963,345,40
1133,1963,449,39
1134,1963,448,20
1135,1963,447,62
1136,1963,446,61
1137,1963,445,60
1138,1963,444,59
1139,1963,443,57
1140,1963,374,33
1141,1963,442,58
1142,1963,441,56
1143,1963,432,38
1144,1963,420,44
1145,1963,305,22
1146,1963,383,30
1147,1963,418,27
1148,1963,423,12
1149,1963,375,17
1150,1963,397,47
1151,1963,376,37
1152,1963,385,10
1153,1963,439,52
1154,1963,438,23
1155,1963,437,41
1156,1963,440,13
1157,1963,364,5
1158,1963,427,21
1159,1963,404,9
1160,1963,435,36
1161,1963,356,7
1162,1963,347,11
1163,1963,401,16
1164,1963,341,4
1165,1963,408,8
1166,1963,360,6
1167,1963,386,3
1168,1963,411,28
1169,1963,407,43
1170,1963,412,34
1171,1964,382,26
1172,1964,345,22
1173,1964,434,28
1174,1964,433,18
1175,1964,340,40
1176,1964,402,38
1177,1964,432,33
1178,1964,375,25
1179,1964,358,31
1180,1964,431,36
1181,1964,405,29
1182,1964,423,24
1183,1964,370,41
1184,1964,380,39
1185,1964,420,35
1186,1964,399,30
1187,1964,374,12
1188,1964,430,34
1189,1964,408,13
1190,1964,394,23
1191,1964,429,32
1192,1964,404,14
1193,1964,428,37
1194,1964,309,27
1195,1964,278,16
1196,1964,401,20
1197,1964,341,1
1198,1964,360,7
1199,1964,356,8
1200,1964,427,17
1201,1964,364,6
1202,1964,385,4
1203,1964,403,19
1204,1964,346,10
1205,1964,383,11
1206,1964,305,21
1207,1964,347,15
1208,1964,373,3
1209,1964,397,9
1210,1964,386,5
1211,1964,289,2
1212,1965,375,39
1213,1965,382,27
1214,1965,396,23
1215,1965,345,14
1216,1965,426,44
1217,1965,394,41
1218,1965,402,37
1219,1965,425,29
1220,1965,424,30
1221,1965,423,34
1222,1965,422,45
1223,1965,421,43
1224,1965,419,36
1225,1965,420,25
1226,1965,278,33
1227,1965,418,19
1228,1965,404,21
1229,1965,376,28
1230,1965,386,7
1231,1965,305,35
1232,1965,405,15
1233,1965,370,16
1234,1965,304,11
1235,1965,417,54
1236,1965,416,53
1237,1965,415,52
1238,1965,293,51
1239,1965,334,50
1240,1965,414,49
1241,1965,413,48
1242,1965,412,47
1243,1965,411,46
1244,1965,410,42
1245,1965,409,40
1246,1965,364,4
1247,1965,340,38
1248,1965,358,13
1249,1965,347,17
1250,1965,383,20
1251,1965,385,6
1252,1965,407,32
1253,1965,368,31
1254,1965,380,18
1255,1965,408,26
1256,1965,362,24
1257,1965,406,22
1258,1965,356,10
1259,1965,346,12
1260,1965,328,3
1261,1965,360,9
1262,1965,374,8
1263,1965,289,2
1264,1965,341,5
1265,1965,373,1
1266,1966,382,30
1267,1966,405,22
1268,1966,404,27
1269,1966,403,33
1270,1966,394,29
1271,1966,402,25
1272,1966,375,10
1273,1966,401,32
1274,1966,400,26
1275,1966,388,21
1276,1966,345,28
1277,1966,278,23
1278,1966,399,20
1279,1966,387,8
1280,1966,398,31
1281,1966,397,17
1282,1966,364,12
1283,1966,383,19
1284,1966,360,16
1285,1966,304,4
1286,1966,341,2
1287,1966,356,1
1288,1966,374,13
1289,1966,346,15
1290,1966,358,3
1291,1966,373,6
1292,1966,347,18
1293,1966,389,24
1294,1966,386,11
1295,1966,396,14
1296,1966,289,5
1297,1966,385,9
1298,1966,328,7
1299,1967,395,26
1300,1967,382,39
1301,1967,394,34
1302,1967,393,41
1303,1967,371,37
1304,1967,392,28
1305,1967,370,27
1306,1967,377,44
1307,1967,379,43
1308,1967,365,40
1309,1967,391,35
1310,1967,235,19
1311,1967,262,22
1312,1967,351,36
1313,1967,390,24
1314,1967,322,25
1315,1967,389,21
1316,1967,388,16
1317,1967,375,20
1318,1967,387,18
1319,1967,386,42
1320,1967,306,23
1321,1967,359,38
1322,1967,385,29
1323,1967,360,14
1324,1967,278,5
1325,1967,328,9
1326,1967,289,7
1327,1967,373,3
1328,1967,347,15
1329,1967,374,10
1330,1967,358,13
1331,1967,346,12
1332,1967,364,8
1333,1967,361,31
1334,1967,368,33
1335,1967,293,30
1336,1967,304,1
1337,1967,340,11
1338,1967,356,2
1339,1967,383,17
1340,1967,345,6
1341,1967,341,4
1342,1967,384,32
1343,1968,382,35
1344,1968,207,37
1345,1968,381,36
1346,1968,343,38
1347,1968,280,25
1348,1968,380,42
1349,1968,321,39
1350,1968,322,29
1351,1968,379,28
1352,1968,365,27
1353,1968,378,31
1354,1968,377,34
1355,1968,350,18
1356,1968,351,24
1357,1968,262,15
1358,1968,359,14
1359,1968,376,17
1360,1968,370,13
1361,1968,361,20
1362,1968,360,5
1363,1968,375,16
1364,1968,293,43
1365,1968,312,19
1366,1968,374,41
1367,1968,333,40
1368,1968,356,23
1369,1968,345,6
1370,1968,369,33
1371,1968,368,32
1372,1968,328,2
1373,1968,347,22
1374,1968,235,4
1375,1968,364,21
1376,1968,334,30
1377,1968,340,26
1378,1968,341,8
1379,1968,346,7
1380,1968,306,9
1381,1968,304,3
1382,1968,278,10
1383,1968,358,12
1384,1968,289,1
1385,1968,373,11
1386,1969,352,24
1387,1969,372,29
1388,1969,343,22
1389,1969,353,19
1390,1969,359,18
1391,1969,321,27
1392,1969,347,25
1393,1969,357,21
1394,1969,351,16
1395,1969,350,14
1396,1969,370,13
1397,1969,361,8
1398,1969,369,30
1399,1969,235,2
1400,1969,340,28
1401,1969,207,26
1402,1969,356,10
1403,1969,278,12
1404,1969,345,15
1405,1969,341,11
1406,1969,358,4
1407,1969,362,23
1408,1969,368,20
1409,1969,262,17
1410,1969,306,5
1411,1969,360,3
1412,1969,346,9
1413,1969,304,6
1414,1969,289,7
1415,1969,328,1
1416,1970,367,42
1417,1970,366,38
1418,1970,317,15
1419,1970,330,43
1420,1970,347,36
1421,1970,314,35
1422,1970,365,41
1423,1970,312,40
1424,1970,224,10
1425,1970,351,37
1426,1970,353,34
1427,1970,364,24
1428,1970,320,23
1429,1970,327,22
1430,1970,223,3
1431,1970,321,25
1432,1970,363,17
1433,1970,238,27
1434,1970,339,39
1435,1970,333,28
1436,1970,278,8
1437,1970,262,20
1438,1970,243,11
1439,1970,207,16
1440,1970,361,33
1441,1970,360,14
1442,1970,359,21
1443,1970,352,30
1444,1970,341,18
1445,1970,235,2
1446,1970,358,1
1447,1970,293,32
1448,1970,362,31
1449,1970,346,26
1450,1970,345,7
1451,1970,340,29
1452,1970,280,12
1453,1970,289,13
1454,1970,357,19
1455,1970,306,9
1456,1970,328,5
1457,1970,304,4
1458,1970,356,6
1459,1971,309,50
1460,1971,344,49
1461,1971,355,33
1462,1971,322,27
1463,1971,354,48
1464,1971,353,41
1465,1971,352,34
1466,1971,288,16
1467,1971,351,45
1468,1971,197,35
1469,1971,305,18
1470,1971,182,40
1471,1971,337,29
1472,1971,350,31
1473,1971,262,23
1474,1971,329,36
1475,1971,321,43
1476,1971,330,28
1477,1971,349,38
1478,1971,348,32
1479,1971,338,47
1480,1971,298,25
1481,1971,342,37
1482,1971,314,14
1483,1971,306,22
1484,1971,339,39
1485,1971,347,26
1486,1971,320,9
1487,1971,334,46
1488,1971,340,44
1489,1971,346,5
1490,1971,293,42
1491,1971,345,10
1492,1971,307,15
1493,1971,327,3
1494,1971,341,19
1495,1971,224,6
1496,1971,333,30
1497,1971,243,20
1498,1971,280,17
1499,1971,238,2
1500,1971,289,21
1501,1971,235,4
1502,1971,312,24
1503,1971,304,13
1504,1971,278,11
1505,1971,317,12
1506,1971,223,7
1507,1971,328,1
1508,1971,207,8
1509,1972,344,32
1510,1972,222,29
1511,1972,343,41
1512,1972,342,34
1513,1972,341,36
1514,1972,296,39
1515,1972,321,42
1516,1972,262,37
1517,1972,232,20
1518,1972,221,24
1519,1972,330,33
1520,1972,312,14
1521,1972,329,26
1522,1972,290,22
1523,1972,293,40
1524,1972,305,8
1525,1972,306,11
1526,1972,250,18
1527,1972,340,35
1528,1972,243,30
1529,1972,338,28
1530,1972,278,10
1531,1972,339,38
1532,1972,320,21
1533,1972,289,15
1534,1972,333,17
1535,1972,207,12
1536,1972,309,5
1537,1972,317,31
1538,1972,327,6
1539,1972,224,1
1540,1972,182,23
1541,1972,337,25
1542,1972,307,13
1543,1972,280,27
1544,1972,199,16
1545,1972,238,9
1546,1972,314,19
1547,1972,223,7
1548,1972,235,4
1549,1972,304,3
1550,1972,328,2
1551,1973,320,41
1552,1973,314,34
1553,1973,243,30
1554,1973,298,20
1555,1973,336,42
1556,1973,335,38
1557,1973,200,24
1558,1973,187,36
1559,1973,313,33
1560,1973,317,39
1561,1973,259,28
1562,1973,231,8
1563,1973,278,21
1564,1973,289,26
1565,1973,280,25
1566,1973,293,40
1567,1973,262,14
1568,1973,334,37
1569,1973,292,35
1570,1973,222,29
1571,1973,333,15
1572,1973,332,13
1573,1973,331,32
1574,1973,330,27
1575,1973,250,11
1576,1973,305,22
1577,1973,199,7
1578,1973,182,17
1579,1973,238,3
1580,1973,307,19
1581,1973,306,10
1582,1973,197,31
1583,1973,329,23
1584,1973,232,12
1585,1973,309,5
1586,1973,223,18
1587,1973,290,16
1588,1973,304,6
1589,1973,235,9
1590,1973,328,1
1591,1973,327,4
1592,1973,224,2
1593,1974,326,56
1594,1974,288,36
1595,1974,207,25
1596,1974,325,59
1597,1974,324,33
1598,1974,243,34
1599,1974,323,31
1600,1974,322,22
1601,1974,256,61
1602,1974,172,43
1603,1974,270,39
1604,1974,283,47
1605,1974,300,62
1606,1974,275,60
1607,1974,321,35
1608,1974,259,58
1609,1974,320,54
1610,1974,319,49
1611,1974,219,57
1612,1974,318,55
1613,1974,317,48
1614,1974,316,51
1615,1974,315,52
1616,1974,252,19
1617,1974,269,45
1618,1974,267,44
1619,1974,298,40
1620,1974,313,28
1621,1974,278,30
1622,1974,314,32
1623,1974,312,24
1624,1974,311,27
1625,1974,310,53
1626,1974,293,46
1627,1974,292,41
1628,1974,251,37
1629,1974,230,20
1630,1974,197,14
1631,1974,309,50
1632,1974,200,23
1633,1974,231,8
1634,1974,232,17
1635,1974,250,12
1636,1974,222,3
1637,1974,296,38
1638,1974,233,16
1639,1974,308,42
1640,1974,235,10
1641,1974,289,18
1642,1974,238,5
1643,1974,187,15
1644,1974,265,21
1645,1974,224,1
1646,1974,280,29
1647,1974,307,26
1648,1974,199,6
1649,1974,221,9
1650,1974,306,13
1651,1974,305,11
1652,1974,223,2
1653,1974,182,4
1654,1974,304,7
1655,1975,277,47
1656,1975,254,40
1657,1975,303,49
1658,1975,239,29
1659,1975,278,33
1660,1975,245,52
1661,1975,270,51
1662,1975,229,24
1663,1975,302,36
1664,1975,233,25
1665,1975,301,43
1666,1975,300,42
1667,1975,205,41
1668,1975,219,35
1669,1975,299,50
1670,1975,298,20
1671,1975,267,48
1672,1975,282,39
1673,1975,297,30
1674,1975,178,17
1675,1975,296,44
1676,1975,295,45
1677,1975,294,19
1678,1975,275,21
1679,1975,251,34
1680,1975,276,26
1681,1975,293,38
1682,1975,292,37
1683,1975,291,32
1684,1975,187,23
1685,1975,197,18
1686,1975,290,27
1687,1975,172,12
1688,1975,238,13
1689,1975,283,46
1690,1975,207,14
1691,1975,232,31
1692,1975,250,6
1693,1975,200,8
1694,1975,243,22
1695,1975,252,10
1696,1975,222,7
1697,1975,289,28
1698,1975,230,11
1699,1975,235,16
1700,1975,288,15
1701,1975,182,1
1702,1975,221,9
1703,1975,223,5
1704,1975,199,3
1705,1975,231,4
1706,1975,224,2
1707,1976,245,47
1708,1976,273,43
1709,1976,287,34
1710,1976,274,27
1711,1976,286,38
1712,1976,237,37
1713,1976,285,48
1714,1976,260,45
1715,1976,257,42
1716,1976,246,41
1717,1976,284,32
1718,1976,243,20
1719,1976,283,54
1720,1976,242,52
1721,1976,282,53
1722,1976,281,49
1723,1976,280,25
1724,1976,265,39
1725,1976,258,40
1726,1976,208,51
1727,1976,279,50
1728,1976,271,36
1729,1976,256,24
1730,1976,232,26
1731,1976,178,15
1732,1976,251,46
1733,1976,255,10
1734,1976,229,21
1735,1976,278,18
1736,1976,277,29
1737,1976,239,30
1738,1976,276,31
1739,1976,270,44
1740,1976,187,7
1741,1976,207,6
1742,1976,238,11
1743,1976,172,8
1744,1976,230,19
1745,1976,231,1
1746,1976,197,22
1747,1976,275,35
1748,1976,224,17
1749,1976,199,16
1750,1976,253,33
1751,1976,250,14
1752,1976,254,28
1753,1976,235,23
1754,1976,223,5
1755,1976,200,9
1756,1976,222,3
1757,1976,233,13
1758,1976,252,12
1759,1976,221,4
1760,1976,182,2
1761,1977,274,48
1762,1977,273,37
1763,1977,272,32
1764,1977,240,26
1765,1977,220,59
1766,1977,271,57
1767,1977,241,50
1768,1977,152,44
1769,1977,247,58
1770,1977,270,42
1771,1977,269,52
1772,1977,268,49
1773,1977,266,61
1774,1977,245,60
1775,1977,265,56
1776,1977,264,55
1777,1977,219,45
1778,1977,267,24
1779,1977,203,36
1780,1977,175,18
1781,1977,263,54
1782,1977,262,31
1783,1977,212,47
1784,1977,261,53
1785,1977,235,35
1786,1977,119,20
1787,1977,260,51
1788,1977,259,39
1789,1977,232,41
1790,1977,229,30
1791,1977,211,22
1792,1977,208,40
1793,1977,258,23
1794,1977,178,7
1795,1977,205,34
1796,1977,197,19
1797,1977,257,46
1798,1977,233,11
1799,1977,239,29
1800,1977,256,38
1801,1977,255,8
1802,1977,254,21
1803,1977,246,28
1804,1977,182,1
1805,1977,253,25
1806,1977,238,14
1807,1977,200,6
1808,1977,231,5
1809,1977,221,9
1810,1977,172,10
1811,1977,237,27
1812,1977,187,13
1813,1977,252,43
1814,1977,251,33
1815,1977,230,16
1816,1977,223,17
1817,1977,207,3
1818,1977,224,12
1819,1977,199,4
1820,1977,250,15
1821,1977,222,2
1822,1978,213,38
1823,1978,249,33
1824,1978,248,43
1825,1978,247,35
1826,1978,246,45
1827,1978,137,28
1828,1978,229,31
1829,1978,245,46
1830,1978,209,44
1831,1978,208,41
1832,1978,244,42
1833,1978,152,23
1834,1978,235,32
1835,1978,206,20
1836,1978,163,26
1837,1978,177,29
1838,1978,219,17
1839,1978,243,27
1840,1978,119,12
1841,1978,242,40
1842,1978,158,39
1843,1978,212,21
1844,1978,211,30
1845,1978,232,34
1846,1978,241,37
1847,1978,240,36
1848,1978,178,11
1849,1978,187,6
1850,1978,230,19
1851,1978,233,18
1852,1978,172,8
1853,1978,223,16
1854,1978,202,15
1855,1978,239,22
1856,1978,197,25
1857,1978,200,24
1858,1978,222,7
1859,1978,224,10
1860,1978,203,9
1861,1978,199,3
1862,1978,175,14
1863,1978,238,2
1864,1978,231,13
1865,1978,221,5
1866,1978,182,4
1867,1978,207,1
1868,1979,237,36
1869,1979,217,24
1870,1979,176,33
1871,1979,230,30
1872,1979,209,25
1873,1979,236,31
1874,1979,235,17
1875,1979,177,29
1876,1979,152,32
1877,1979,234,35
1878,1979,233,19
1879,1979,119,20
1880,1979,232,34
1881,1979,137,16
1882,1979,175,23
1883,1979,202,10
1884,1979,222,1
1885,1979,163,8
1886,1979,182,14
1887,1979,219,13
1888,1979,197,11
1889,1979,231,27
1890,1979,136,28
1891,1979,212,22
1892,1979,203,2
1893,1979,206,26
1894,1979,223,5
1895,1979,178,3
1896,1979,200,18
1897,1979,173,15
1898,1979,224,21
1899,1979,207,12
1900,1979,221,6
1901,1979,187,9
1902,1979,199,7
1903,1979,172,4
1904,1980,214,41
1905,1980,110,32
1906,1980,181,38
1907,1980,191,34
1908,1980,230,31
1909,1980,95,30
1910,1980,229,37
1911,1980,228,40
1912,1980,211,24
1913,1980,212,21
1914,1980,227,33
1915,1980,226,39
1916,1980,209,28
1917,1980,158,27
1918,1980,136,26
1919,1980,140,36
1920,1980,225,35
1921,1980,197,13
1922,1980,202,5
1923,1980,163,6
1924,1980,219,8
1925,1980,187,11
1926,1980,173,7
1927,1980,199,3
1928,1980,200,17
1929,1980,207,20
1930,1980,176,22
1931,1980,119,9
1932,1980,172,4
1933,1980,203,14
1934,1980,224,15
1935,1980,223,25
1936,1980,222,19
1937,1980,221,29
1938,1980,217,23
1939,1980,117,16
1940,1980,152,18
1941,1980,206,12
1942,1980,177,10
1943,1980,137,2
1944,1980,178,1
1945,1981,178,3
1946,1981,199,2
1947,1981,137,1
1948,1981,207,17
1949,1981,158,12
1950,1981,175,19
1951,1981,192,25
1952,1981,163,9
1953,1981,176,16
1954,1981,202,13
1955,1981,197,22
1956,1981,212,10
1957,1981,152,15
1958,1981,172,4
1959,1981,177,26
1960,1981,136,29
1961,1981,119,11
1962,1981,213,34
1963,1981,95,14
1964,1981,203,7
1965,1981,187,6
1966,1981,173,8
1967,1981,117,5
1968,1981,110,18
1969,1981,214,36
1970,1981,206,23
1971,1981,215,35
1972,1981,216,24
1973,1981,194,21
1974,1981,217,30
1975,1981,218,39
1976,1981,219,32
1977,1981,201,20
1978,1981,105,27
1979,1981,118,33
1980,1981,205,28
1981,1981,160,31
1982,1981,220,38
1983,1981,198,37
1984,1982,202,2
1985,1982,172,18
1986,1982,210,37
1987,1982,176,21
1988,1982,136,38
1989,1982,197,20
1990,1982,211,33
1991,1982,90,40
1992,1982,175,7
1993,1982,209,34
1994,1982,208,39
1995,1982,207,19
1996,1982,170,35
1997,1982,195,31
1998,1982,205,27
1999,1982,204,36
2000,1982,184,25
2001,1982,95,14
2002,1982,119,10
2003,1982,158,12
2004,1982,203,15
2005,1982,137,11
2006,1982,118,32
2007,1982,192,26
2008,1982,201,29
2009,1982,196,30
2010,1982,206,13
2011,1982,152,22
2012,1982,200,28
2013,1982,110,17
2014,1982,181,24
2015,1982,194,23
2016,1982,105,8
2017,1982,173,9
2018,1982,187,3
2019,1982,177,1
2020,1982,182,5
2021,1982,117,4
2022,1982,199,16
2023,1982,163,6
2024,1983,137,1
2025,1983,182,10
2026,1983,172,11
2027,1983,175,4
2028,1983,176,15
2029,1983,117,2
2030,1983,118,14
2031,1983,192,23
2032,1983,163,3
2033,1983,193,17
2034,1983,95,13
2035,1983,188,20
2036,1983,194,32
2037,1983,181,26
2038,1983,195,29
2039,1983,158,7
2040,1983,187,6
2041,1983,196,24
2042,1983,184,16
2043,1983,197,22
2044,1983,119,9
2045,1983,190,27
2046,1983,152,19
2047,1983,105,12
2048,1983,110,8
2049,1983,160,28
2050,1983,178,33
2051,1983,173,18
2052,1983,177,5
2053,1983,168,35
2054,1983,123,21
2055,1983,198,34
2056,1983,140,25
2057,1983,186,30
2058,1983,156,31
2059,1984,117,2
2060,1984,177,8
2061,1984,173,3
2062,1984,158,16
2063,1984,175,11
2064,1984,123,15
2065,1984,176,20
2066,1984,156,27
2067,1984,118,7
2068,1984,110,18
2069,1984,119,13
2070,1984,182,1
2071,1984,95,10
2072,1984,137,5
2073,1984,170,12
2074,1984,163,6
2075,1984,160,19
2076,1984,183,23
2077,1984,112,30
2078,1984,188,29
2079,1984,172,14
2080,1984,105,4
2081,1984,184,25
2082,1984,102,9
2083,1984,84,31
2084,1984,185,32
2085,1984,181,26
2086,1984,189,21
2087,1984,190,24
2088,1984,179,28
2089,1984,191,34
2090,1984,77,22
2091,1984,140,17
2092,1984,94,35
2093,1984,166,33
2094,1985,117,1
2095,1985,105,2
2096,1985,173,5
2097,1985,163,19
2098,1985,175,12
2099,1985,172,9
2100,1985,140,7
2101,1985,84,21
2102,1985,112,28
2103,1985,118,14
2104,1985,123,11
2105,1985,160,27
2106,1985,181,30
2107,1985,77,20
2108,1985,102,4
2109,1985,158,26
2110,1985,94,24
2111,1985,182,10
2112,1985,110,17
2113,1985,119,25
2114,1985,177,3
2115,1985,183,36
2116,1985,95,6
2117,1985,184,34
2118,1985,137,8
2119,1985,185,16
2120,1985,156,29
2121,1985,170,31
2122,1985,176,13
2123,1985,179,22
2124,1985,186,33
2125,1985,166,15
2126,1985,178,35
2127,1985,157,32
2128,1985,187,23
2129,1985,122,18
2130,1986,137,3
2131,1986,102,4
2132,1986,172,8
2133,1986,163,10
2134,1986,84,11
2135,1986,77,7
2136,1986,166,14
2137,1986,173,25
2138,1986,174,13
2139,1986,170,16
2140,1986,123,20
2141,1986,105,9
2142,1986,117,1
2143,1986,157,18
2144,1986,140,5
2145,1986,175,15
2146,1986,119,17
2147,1986,156,22
2148,1986,176,26
2149,1986,145,29
2150,1986,110,24
2151,1986,160,27
2152,1986,177,6
2153,1986,178,12
2154,1986,95,2
2155,1986,179,23
2156,1986,118,21
2157,1986,158,32
2158,1986,180,28
2159,1986,112,19
2160,1986,133,30
2161,1986,122,31
2162,1987,117,4
2163,1987,137,1
2164,1987,140,6
2165,1987,77,5
2166,1987,123,8
2167,1987,95,2
2168,1987,138,12
2169,1987,105,7
2170,1987,157,23
2171,1987,156,11
2172,1987,166,15
2173,1987,169,25
2174,1987,158,10
2175,1987,102,3
2176,1987,119,13
2177,1987,110,14
2178,1987,118,16
2179,1987,133,27
2180,1987,145,26
2181,1987,84,18
2182,1987,170,9
2183,1987,122,19
2184,1987,112,17
2185,1987,167,28
2186,1987,99,31
2187,1987,160,24
2188,1987,163,20
2189,1987,171,29
2190,1987,78,32
2191,1987,114,22
2192,1987,90,21
2193,1987,131,30
2194,1988,117,2
2195,1988,77,3
2196,1988,137,6
2197,1988,118,8
2198,1988,105,5
2199,1988,138,16
2200,1988,123,4
2201,1988,158,12
2202,1988,140,25
2203,1988,110,15
2204,1988,156,14
2205,1988,159,22
2206,1988,112,24
2207,1988,99,23
2208,1988,166,21
2209,1988,114,18
2210,1988,163,28
2211,1988,131,29
2212,1988,95,9
2213,1988,145,10
2214,1988,119,11
2215,1988,122,7
2216,1988,167,34
2217,1988,127,13
2218,1988,165,32
2219,1988,141,26
2220,1988,160,33
2221,1988,78,27
2222,1988,146,31
2223,1988,133,19
2224,1988,102,1
2225,1988,94,17
2226,1988,84,20
2227,1988,168,30
2228,1988,88,35
2229,1988,162,36
2230,1989,95,4
2231,1989,117,1
2232,1989,127,16
2233,1989,65,14
2234,1989,118,10
2235,1989,145,6
2236,1989,156,25
2237,1989,138,21
2238,1989,129,26
2239,1989,105,13
2240,1989,102,2
2241,1989,112,29
2242,1989,110,17
2243,1989,157,22
2244,1989,119,3
2245,1989,158,11
2246,1989,146,38
2247,1989,84,20
2248,1989,122,30
2249,1989,137,8
2250,1989,131,18
2251,1989,123,5
2252,1989,94,15
2253,1989,77,7
2254,1989,159,28
2255,1989,114,40
2256,1989,163,24
2257,1989,148,42
2258,1989,90,35
2259,1989,133,19
2260,1989,160,37
2261,1989,161,43
2262,1989,162,39
2263,1989,164,46
2264,1989,88,44
2265,1989,140,12
2266,1989,92,32
2267,1989,99,27
2268,1989,78,33
2269,1989,55,9
2270,1989,139,23
2271,1989,103,31
2272,1989,151,34
2273,1989,134,47
2274,1989,165,45
2275,1989,109,36
2276,1989,147,41
2277,1990,65,35
2278,1990,152,39
2279,1990,88,12
2280,1990,95,5
2281,1990,77,4
2282,1990,148,22
2283,1990,129,31
2284,1990,110,27
2285,1990,101,34
2286,1990,139,26
2287,1990,133,16
2288,1990,112,23
2289,1990,92,37
2290,1990,150,40
2291,1990,149,38
2292,1990,114,25
2293,1990,99,32
2294,1990,109,29
2295,1990,81,33
2296,1990,140,36
2297,1990,151,20
2298,1990,78,19
2299,1990,118,14
2300,1990,122,10
2301,1990,117,2
2302,1990,147,28
2303,1990,127,18
2304,1990,90,11
2305,1990,146,30
2306,1990,145,8
2307,1990,102,1
2308,1990,105,24
2309,1990,103,13
2310,1990,94,21
2311,1990,138,15
2312,1990,131,17
2313,1990,137,3
2314,1990,123,6
2315,1990,55,9
2316,1990,119,7
2317,1991,144,40
2318,1991,91,36
2319,1991,70,31
2320,1991,30,14
2321,1991,143,39
2322,1991,65,27
2323,1991,120,38
2324,1991,128,32
2325,1991,129,34
2326,1991,142,41
2327,1991,141,23
2328,1991,100,29
2329,1991,140,37
2330,1991,133,33
2331,1991,103,21
2332,1991,109,12
2333,1991,139,18
2334,1991,87,19
2335,1991,127,25
2336,1991,95,2
2337,1991,77,4
2338,1991,123,26
2339,1991,122,20
2340,1991,105,35
2341,1991,90,10
2342,1991,119,3
2343,1991,57,16
2344,1991,55,7
2345,1991,84,17
2346,1991,92,13
2347,1991,94,11
2348,1991,99,30
2349,1991,78,28
2350,1991,88,22
2351,1991,138,15
2352,1991,131,8
2353,1991,137,6
2354,1991,81,24
2355,1991,110,9
2356,1991,117,5
2357,1991,102,1
2358,1992,95,1
2359,1992,119,2
2360,1992,102,4
2361,1992,30,3
2362,1992,77,5
2363,1992,65,15
2364,1992,100,11
2365,1992,88,20
2366,1992,57,8
2367,1992,105,10
2368,1992,127,23
2369,1992,79,25
2370,1992,128,27
2371,1992,110,9
2372,1992,109,21
2373,1992,123,14
2374,1992,92,19
2375,1992,55,7
2376,1992,122,13
2377,1992,81,22
2378,1992,94,16
2379,1992,91,12
2380,1992,104,18
2381,1992,108,26
2382,1992,84,6
2383,1992,129,24
2384,1992,99,32
2385,1992,71,30
2386,1992,125,28
2387,1992,131,17
2388,1992,78,29
2389,1992,136,31
2390,1993,126,31
2391,1993,56,22
2392,1993,57,15
2393,1993,83,30
2394,1993,94,23
2395,1993,79,28
2396,1993,91,12
2397,1993,110,27
2398,1993,123,26
2399,1993,121,11
2400,1993,88,24
2401,1993,84,7
2402,1993,22,18
2403,1993,120,19
2404,1993,119,5
2405,1993,69,25
2406,1993,105,29
2407,1993,100,21
2408,1993,55,6
2409,1993,112,17
2410,1993,70,20
2411,1993,65,9
2412,1993,30,4
2413,1993,71,3
2414,1993,118,16
2415,1993,77,8
2416,1993,109,13
2417,1993,104,14
2418,1993,87,10
2419,1993,102,2
2420,1993,117,1
2421,1994,95,9
2422,1994,111,29
2423,1994,85,46
2424,1994,14,8
2425,1994,70,30
2426,1994,109,24
2427,1994,110,20
2428,1994,78,14
2429,1994,88,42
2430,1994,108,39
2431,1994,107,34
2432,1994,92,40
2433,1994,106,27
2434,1994,77,3
2435,1994,81,22
2436,1994,105,25
2437,1994,57,4
2438,1994,49,13
2439,1994,104,15
2440,1994,87,12
2441,1994,103,18
2442,1994,50,10
2443,1994,56,16
2444,1994,84,7
2445,1994,102,38
2446,1994,101,31
2447,1994,44,11
2448,1994,83,28
2449,1994,100,23
2450,1994,94,21
2451,1994,65,26
2452,1994,91,19
2453,1994,79,17
2454,1994,22,6
2455,1994,55,5
2456,1994,71,2
2457,1994,30,1
2458,1994,112,43
2459,1994,114,35
2460,1994,113,36
2461,1994,93,37
2462,1994,115,44
2463,1994,63,32
2464,1994,116,33
2465,1994,89,45
2466,1994,98,41
2467,1995,76,29
2468,1995,98,34
2469,1995,99,33
2470,1995,97,22
2471,1995,83,18
2472,1995,92,26
2473,1995,90,32
2474,1995,89,24
2475,1995,96,16
2476,1995,91,28
2477,1995,50,31
2478,1995,84,13
2479,1995,22,11
2480,1995,69,23
2481,1995,81,14
2482,1995,94,19
2483,1995,95,30
2484,1995,56,12
2485,1995,93,27
2486,1995,79,20
2487,1995,44,8
2488,1995,49,9
2489,1995,65,4
2490,1995,71,2
2491,1995,64,21
2492,1995,85,25
2493,1995,88,17
2494,1995,63,15
2495,1995,87,10
2496,1995,55,5
2497,1995,57,7
2498,1995,77,6
2499,1995,14,3
2500,1995,30,1
2501,1996,71,1
2502,1996,35,2
2503,1996,56,10
2504,1996,77,6
2505,1996,57,5
2506,1996,63,13
2507,1996,44,9
2508,1996,49,12
2509,1996,73,18
2510,1996,64,15
2511,1996,79,17
2512,1996,55,4
2513,1996,30,3
2514,1996,83,20
2515,1996,69,21
2516,1996,84,11
2517,1996,22,8
2518,1996,50,16
2519,1996,14,7
2520,1996,65,14
2521,1996,85,23
2522,1996,21,19
2523,1996,86,22
2524,1997,58,25
2525,1997,82,23
2526,1997,25,14
2527,1997,81,22
2528,1997,22,13
2529,1997,76,20
2530,1997,23,11
2531,1997,79,24
2532,1997,71,12
2533,1997,56,7
2534,1997,50,21
2535,1997,63,17
2536,1997,21,8
2537,1997,65,10
2538,1997,55,4
2539,1997,35,1
2540,1997,64,16
2541,1997,15,15
2542,1997,49,2
2543,1997,75,18
2544,1997,78,19
2545,1997,44,9
2546,1997,77,5
2547,1997,57,6
2548,1997,30,26
2549,1997,14,3
2550,1998,57,1
2551,1998,14,3
2552,1998,49,7
2553,1998,56,4
2554,1998,35,5
2555,1998,65,15
2556,1998,25,8
2557,1998,71,6
2558,1998,44,22
2559,1998,30,2
2560,1998,21,9
2561,1998,55,11
2562,1998,76,17
2563,1998,22,12
2564,1998,15,16
2565,1998,68,21
2566,1998,75,18
2567,1998,73,20
2568,1998,23,10
2569,1998,74,19
2570,1998,63,13
2571,1998,64,14
2572,1998,50,23
2573,1999,35,21
2574,1999,41,22
2575,1999,64,14
2576,1999,15,11
2577,1999,70,19
2578,1999,65,8
2579,1999,69,23
2580,1999,63,10
2581,1999,55,15
2582,1999,71,12
2583,1999,14,4
2584,1999,48,17
2585,1999,25,13
2586,1999,44,16
2587,1999,57,1
2588,1999,30,5
2589,1999,68,20
2590,1999,37,18
2591,1999,22,7
2592,1999,21,9
2593,1999,23,6
2594,1999,49,3
2595,1999,56,2
2596,2000,30,1
2597,2000,22,4
2598,2000,23,5
2599,2000,35,7
2600,2000,21,6
2601,2000,41,14
2602,2000,25,15
2603,2000,48,19
2604,2000,2,20
2605,2000,49,9
2606,2000,15,10
2607,2000,18,8
2608,2000,50,12
2609,2000,37,16
2610,2000,60,21
2611,2000,57,2
2612,2000,14,3
2613,2000,63,11
2614,2000,56,13
2615,2000,64,18
2616,2000,65,17
2617,2000,55,22
2618,2000,54,23
2619,2001,62,26
2620,2001,61,24
2621,2001,41,19
2622,2001,37,16
2623,2001,31,6
2624,2001,59,21
2625,2001,35,7
2626,2001,58,22
2627,2001,60,25
2628,2001,18,17
2629,2001,15,9
2630,2001,57,5
2631,2001,23,4
2632,2001,21,11
2633,2001,4,23
2634,2001,56,12
2635,2001,50,18
2636,2001,55,15
2637,2001,54,20
2638,2001,44,14
2639,2001,8,10
2640,2001,49,13
2641,2001,2,8
2642,2001,22,3
2643,2001,14,2
2644,2001,30,1
2645,2002,44,14
2646,2002,59,22
2647,2002,15,8
2648,2002,22,2
2649,2002,14,5
2650,2002,21,11
2651,2002,49,18
2652,2002,11,15
2653,2002,35,12
2654,2002,66,19
2655,2002,13,13
2656,2002,2,10
2657,2002,18,7
2658,2002,23,4
2659,2002,37,21
2660,2002,62,20
2661,2002,63,17
2662,2002,17,16
2663,2002,56,9
2664,2002,8,6
2665,2002,31,3
2666,2002,30,1
2667,2003,11,18
2668,2003,47,24
2669,2003,48,17
2670,2003,53,23
2671,2003,51,20
2672,2003,42,21
2673,2003,44,15
2674,2003,17,10
2675,2003,21,12
2676,2003,43,13
2677,2003,52,19
2678,2003,2,14
2679,2003,22,4
2680,2003,50,22
2681,2003,18,9
2682,2003,35,16
2683,2003,23,5
2684,2003,4,6
2685,2003,49,11
2686,2003,15,8
2687,2003,30,1
2688,2003,8,2
2689,2003,31,3
2690,2003,14,7
2691,2004,35,21
2692,2004,41,22
2693,2004,42,15
2694,2004,48,23
2695,2004,10,19
2696,2004,8,7
2697,2004,2,18
2698,2004,17,13
2699,2004,47,20
2700,2004,46,25
2701,2004,13,12
2702,2004,45,24
2703,2004,44,14
2704,2004,43,17
2705,2004,32,16
2706,2004,21,11
2707,2004,11,8
2708,2004,14,10
2709,2004,15,6
2710,2004,18,3
2711,2004,31,5
2712,2004,23,9
2713,2004,4,4
2714,2004,22,2
2715,2004,30,1
2716,2005,21,5
2717,2005,22,8
2718,2005,4,1
2719,2005,14,12
2720,2005,17,10
2721,2005,31,4
2722,2005,32,15
2723,2005,8,2
2724,2005,15,7
2725,2005,13,13
2726,2005,23,6
2727,2005,35,14
2728,2005,39,18
2729,2005,33,16
2730,2005,40,21
2731,2005,2,11
2732,2005,30,3
2733,2005,27,19
2734,2005,37,20
2735,2005,25,17
2736,2005,24,24
2737,2005,18,9
2738,2005,11,23
2739,2005,38,25
2740,2005,42,22
2741,2006,29,26
2742,2006,38,24
2743,2006,9,16
2744,2006,37,11
2745,2006,36,27
2746,2006,34,25
2747,2006,27,22
2748,2006,35,15
2749,2006,21,4
2750,2006,11,23
2751,2006,33,21
2752,2006,15,12
2753,2006,22,7
2754,2006,23,10
2755,2006,26,20
2756,2006,2,9
2757,2006,24,19
2758,2006,14,13
2759,2006,13,3
2760,2006,32,18
2761,2006,3,17
2762,2006,17,14
2763,2006,31,8
2764,2006,18,6
2765,2006,8,5
2766,2006,30,2
2767,2006,4,1
2768,2007,8,1
2769,2007,6,22
2770,2007,29,24
2771,2007,20,14
2772,2007,14,10
2773,2007,27,25
2774,2007,9,6
2775,2007,26,21
2776,2007,25,11
2777,2007,16,19
2778,2007,19,23
2779,2007,18,15
2780,2007,24,18
2781,2007,17,12
2782,2007,11,17
2783,2007,22,20
2784,2007,5,7
2785,2007,15,13
2786,2007,23,16
2787,2007,3,9
2788,2007,13,4
2789,2007,2,5
2790,2007,4,3
2791,2007,21,8
2792,2007,1,2
2793,2008,1,1
2794,2008,2,6
2795,2008,3,13
2796,2008,4,5
2797,2008,5,7
2798,2008,6,15
2799,2008,7,17
2800,2008,8,3
2801,2008,9,4
2802,2008,15,9
2803,2008,17,11
2804,2008,14,16
2805,2008,18,18
2806,2008,12,12
2807,2008,21,19
2808,2008,22,14
2809,2008,19,22
2810,2008,11,21
2811,2008,13,2
2812,2008,10,10
2813,2008,16,20
2814,2008,20,8
2815,2009,18,1
2816,2009,22,3
2817,2009,15,8
2818,2009,10,10
2819,2009,4,9
2820,2009,3,7
2821,2009,67,16
2822,2009,7,19
2823,2009,16,17
2824,2009,2,13
2825,2009,21,15
2826,2009,17,4
2827,2009,20,2
2828,2009,9,14
2829,2009,8,6
2830,2009,13,11
2831,2009,12,21
2832,2009,6,20
2833,2009,5,12
2834,2009,1,5
2835,2009,153,24
2836,2009,154,23
2837,2009,69,25
2838,2009,24,22
2839,2009,155,18
2840,2010,4,2
2841,2010,13,6
2842,2010,1,4
2843,2010,20,1
2844,2010,3,7
2845,2010,30,9
2846,2010,18,5
2847,2010,17,3
2848,2010,24,15
2849,2010,22,10
2850,2010,9,8
2851,2010,16,11
2852,2010,153,19
2853,2010,807,14
2854,2010,5,20
2855,2010,67,16
2856,2010,15,21
2857,2010,37,17
2858,2010,811,23
2859,2010,10,25
2860,2010,808,13
2861,2010,155,12
2862,2010,810,24
2863,2010,812,22
2864,2010,29,26
2865,2010,2,18
2866,2010,32,27
2867,2011,20,1
2868,2011,1,5
2869,2011,808,10
2870,2011,4,4
2871,2011,17,3
2872,2011,18,2
2873,2011,13,6
2874,2011,67,15
2875,2011,16,9
2876,2011,814,13
2877,2011,153,14
2878,2011,2,11
2879,2011,15,21
2880,2011,816,24
2881,2011,10,25
2882,2011,22,17
2883,2011,3,7
2884,2011,5,22
2885,2011,30,8
2886,2011,813,19
2887,2011,155,12
2888,2011,24,23
2889,2011,815,16
2890,2011,39,26
2891,2011,37,20
2892,2011,817,27
2893,2011,812,28
2894,2011,811,18
2895,2012,18,5
2896,2012,20,1
2897,2012,1,4
2898,2012,17,6
2899,2012,4,2
2900,2012,155,12
2901,2012,8,3
2902,2012,815,10
2903,2012,817,18
2904,2012,814,14
2905,2012,818,17
2906,2012,3,9
2907,2012,813,15
2908,2012,10,20
2909,2012,819,21
2910,2012,811,16
2911,2012,13,7
2912,2012,5,22
2913,2012,808,19
2914,2012,30,13
2915,2012,154,8
2916,2012,807,11
2917,2012,37,25
2918,2012,39,24
2919,2012,816,23
2920,2013,8,5
2921,2013,4,2
2922,2013,20,1
2923,2013,13,8
2924,2013,1,4
2925,2013,17,3
2926,2013,16,13
2927,2013,814,12
2928,2013,18,9
2929,2013,154,7
2930,2013,815,11
2931,2013,818,15
2932,2013,821,16
2933,2013,822,17
2934,2013,824,19
2935,2013,819,20
2936,2013,820,23
2937,2013,823,21
2938,2013,817,14
2939,2013,3,6
2940,2013,813,18
2941,2013,807,10
2942,2013,5,22
2943,2014,3,2
2944,2014,825,11
2945,2014,18,8
2946,2014,4,6
2947,2014,822,4
2948,2014,807,9
2949,2014,8,12
2950,2014,818,13
2951,2014,826,15
2952,2014,815,10
2953,2014,16,18
2954,2014,821,20
2955,2014,820,21
2956,2014,824,17
2957,2014,154,14
2958,2014,813,16
2959,2014,828,19
2960,2014,20,5
2961,2014,1,1
2962,2014,13,7
2963,2014,155,22
2964,2014,817,3
2965,2014,827,24
2966,2014,829,23
2967,2015,1,1
2968,2015,3,2
2969,2015,20,3
2970,2015,13,6
2971,2015,831,13
2972,2015,817,8
2973,2015,807,10
2974,2015,828,18
2975,2015,832,15
2976,2015,815,9
2977,2015,18,16
2978,2015,8,4
2979,2015,830,12
2980,2015,154,11
2981,2015,813,14
2982,2015,826,7
2983,2015,825,22
2984,2015,822,5
2985,2015,833,19
2986,2015,4,17
2987,2015,829,21
2988,2015,834,20
2989,2016,3,1
2990,2016,1,2
2991,2016,20,4
2992,2016,817,3
2993,2016,13,11
2994,2016,154,13
2995,2016,807,9
2996,2016,822,8
2997,2016,832,12
2998,2016,830,5
2999,2016,835,18
3000,2016,825,16
3001,2016,815,7
3002,2016,18,15
3003,2016,831,17
3004,2016,836,19
3005,2016,828,22
3006,2016,8,6
3007,2016,837,24
3008,2016,821,21
3009,2016,4,10
3010,2016,826,14
3011,2016,838,20
3012,2016,839,23
3013,2017,20,2
3014,2017,1,1
3015,2017,822,3
3016,2017,8,4
3017,2017,830,6
3018,2017,13,11
3019,2017,815,7
3020,2017,832,9
3021,2017,826,19
3022,2017,839,8
3023,2017,807,10
3024,2017,841,22
3025,2017,838,16
3026,2017,4,15
3027,2017,825,14
3028,2017,840,12
3029,2017,817,5
3030,2017,828,20
3031,2017,835,17
3032,2017,154,13
3033,2017,836,18
3034,2017,18,24
3035,2017,814,25
3036,2017,842,21
3037,2017,843,23
3038,2018,20,2
3039,2018,1,1
3040,2018,8,3
3041,2018,817,6
3042,2018,4,11
3043,2018,830,4
3044,2018,807,7
3045,2018,822,5
3046,2018,838,16
3047,2018,832,10
3048,2018,815,8
3049,2018,839,12
3050,2018,844,13
3051,2018,840,18
3052,2018,843,19
3053,2018,154,14
3054,2018,825,9
3055,2018,842,15
3056,2018,828,17
3057,2018,845,20
3058,2019,822,2
3059,2019,1,1
3060,2019,830,3
3061,2019,20,5
3062,2019,844,4
3063,2019,825,16
3064,2019,807,14
3065,2019,8,12
3066,2019,840,15
3067,2019,826,13
3068,2019,842,7
3069,2019,846,11
3070,2019,815,10
3071,2019,848,8
3072,2019,841,17
3073,2019,847,20
3074,2019,9,19
3075,2019,154,18
3076,2019,817,9
3077,2019,832,6
